1|Charles Threadkell|cthreadkell0@nyu.edu|401 Fulton Street|Male
2|Bessie Tynemouth|btynemouth1@jiathis.com|6946 Main Junction|Female
3|Sigvard Reaper|sreaper2@techcrunch.com|07639 Veith Road|Male
4|James Sibborn|jsibborn3@mac.com|734 Judy Place|Male
5|Theo Keggin|tkeggin4@squidoo.com|56 Russell Junction|Male
6|Sanders Swaine|sswaine5@unesco.org|01 Nevada Trail|Male
7|Thorpe Sarten|tsarten6@shutterfly.com|4901 Shelley Parkway|Male
8|Oralia Wais|owais7@devhub.com|6 Rutledge Lane|Female
9|Jo-ann Tegler|jtegler8@furl.net|70371 Tomscot Pass|Female
10|Sayre Mathy|smathy9@independent.co.uk|2261 Harper Pass|Male
11|Manon Delf|mdelfa@google.it|84 Maywood Road|Female
12|Wald Goldberg|wgoldbergb@accuweather.com|17097 Blaine Parkway|Male
13|Vere Gater|vgaterc@ed.gov|610 Ohio Drive|Female
14|Quintin Lorrain|qlorraind@technorati.com|0371 1st Drive|Male
15|Sheilah Jeannot|sjeannote@uol.com.br|83260 New Castle Place|Female
16|Valentia Aslie|vaslief@joomla.org|732 Corben Terrace|Genderqueer
17|Gerrie Nolli|gnollig@pagesperso-orange.fr|0721 Manley Circle|Agender
18|Keri Winyard|kwinyardh@jigsy.com|9 Jenna Street|Female
19|Dudley Leamon||3 Golf View Trail|Male
20|Corrina Dawks|cdawksj@paypal.com|0 Jenifer Hill|Polygender
21|Thaddeus Caraher|tcaraherk@telegraph.co.uk|5 Fairfield Avenue|Bigender
22|Paige Dufty|pduftyl@bloglovin.com|6148 Tennessee Plaza|Male
23|Harvey Willimot|hwillimotm@de.vu|45 Everett Trail|Male
24|Rodina Seeborne|rseebornen@alexa.com|5 Elgar Plaza|Female
25|Piotr Giacomazzo|pgiacomazzoo@ocn.ne.jp|80 Oxford Center|Male
26|Wrennie Lufkin|wlufkinp@over-blog.com|870 Morning Park|Female
27|Laurence Selman|lselmanq@blogger.com|3 Victoria Street|Male
28|Verine Nibley|vnibleyr@xing.com|64172 Hagan Road|Female
29|Harcourt Birtwhistle|hbirtwhistles@senate.gov|58 Luster Avenue|Male
30|Elia Gunson|egunsont@|21 Marcy Terrace|Male
31|Westley Peever|wpeeveru@rediff.com|9 Truax Street|Male
32|Giffy Raubheim|graubheimv@wordpress.org||Male
33|Jeanie Sherwood|jsherwoodw@printfriendly.com|7 Bonner Trail|Female
34|Yulma Syversen|ysyversenx@cbc.ca| 65 Oriole Park|Male
35|Leia Eisikowitz|leisikowitzy@cbc.ca|35498 Butternut Drive|Fele
36|Nobre ejemplo|rtyzackz@weebly.com|15594 Waywood Lane|Female
37|Issiah Lanktree|ilanktree10@marketwatch.com|909 Utah Alley|Male
38|Ariadne Spoerl|aspoerl11@fastcompany.com|5771 Buell Parkway|Female
39|Lamar Hawney|lhawney12@t-online.de|8189 Dayton Circle|Male
40|Sandra Crack|scrack13@gnu.org6954 | 215 Pankratz Avenue|Female
41|Billie Farncomb|bfarncomb14@devhub.com|9716 Reinke Way|Male
42|Robbert Sergent|rsergent15@indiatimes.com|4290 Spenser Center|Male
43|Ikey Elletson|ielletson16@livejournal.com|8693 1st Park|Male
44|Marna Canti|mcanti17@smh.com.au|9 Maple Wood Avenue|Female
45|Austin O'Lennane|aolennane18@nih.gov|88 Sunbrook Parkway|Male
46|Marcellina Cowlas|mcowlas19@abc.net.au|8580 Vermont Street|Female
47|Niven Siddon|nsiddon1a@timesonline.co.uk| 258 calle ejemplo|Male
48|Josias De Bruijne|jde1b@hatena.ne.jp|7081 Rigney Avenue|Male
49|Athena Quig|aquig1c@cnet.com|00 Weeping Birch Street|Genderfluid
